Word,Frequency
test,29
language,24
task,22
information,21
answer,20
ielts,20
candidates,19
completion,18
general,18
answers,18
score,18
writing,17
minutes,16
english,16
reading,16
cambridge,16
tests,14
training,14
e,13
words,13
questions,13
listening,13
write,11
user,10
ability,10
assessment,10
matching,9
one,8
speaking,8
academic,8
two,8
sections,8
overall,8
situations,8
whether,7
given,7
using,7
part,7
texts,7
section,7
four,7
tasks,7
band,7
university,7
sample,6
present,6
introduction,6
first,6
assessed,6
three,6
scores,6
including,6
practice,6
candidate,6
written,6
complex,6
consists,6
requires,5
system,5
skills,5
least,5
sentence,5
press,5
question,5
correct,5
limited,5
familiar,5
examiner,5
command,5
architecture,5
api,4
institutions,4
may,4
appropriate,4
make,4
complete,4
course,4
data,4
github,4
modular,4
react,4
restful,4
nodejs,4
express,4
management,4
features,4
designed,4
form,4
use,4
multiple,4
example,4
give,4
communication,4
study,4
necessary,4
basic,4
model,4
diagram,4
required,4
types,4
level,4
topic,4
acceptable,4
require,4
identifying,4
possible,4
real,4
problem,4
factual,4
components,4
choice,4
summary,4
table,4
note,4
operational,3
evidence,3
guarantee,3
assessing,3
social,3
b,3
idea,3
typescript,3
different,3
nestjs,3
technologies,3
httpsgithubcom,3
mvc,3
database,3
education,3
optimized,3
mongodb,3
jwt,3
handling,3
mysql,3
version,3
reported,3
postgresql,3
examination,3
book,3
accept,3
work,3
inaccuracies,3
key,3
good,3
however,3
asked,3
australia,3
descriptive,3
pages,3
though,3
inappropriacies,3
take,3
isbn,3
letter,3
accuracy,3
provided,3
well,3
wishing,3
understanding,3
website,3
concerned,3
might,3
detailed,3
items,3
needs,3
misunderstandings,3
taken,3
number,3
argument,3
numbers,3
shortanswer,3
flowchart,3
available,3
variety,3
used,3
also,3
third,2
order,2
approximately,2
conversation,2
new,2
important,2
zealand,2
component,2
uk,2
range,2
follows,2
ensure,2
british,2
lower,2
brackets,2
ten,2
monologue,2
canada,2
second,2
nineband,2
lasts,2
handles,2
understands,2
results,2
find,2
fully,2
accurate,2
scale,2
application,2
reservation,2
comments,2
typeorm,2
likes,2
personal,2
class,2
following,2
bands,2
testing,2
authentication,2
implemented,2
practices,2
best,2
design,2
sequelize,2
azure,2
media,2
swagger,2
orm,2
hashing,2
nodejsexpress,2
backend,2
applying,2
scalable,2
apis,2
error,2
fullstack,2
ecommerce,2
project,2
certificates,2
developed,2
code,2
keys,2
publication,2
based,2
style,2
difficulty,2
involves,2
authentic,2
much,2
numerals,2
situation,2
spoken,2
twice,2
possibly,2
contributes,2
arguments,2
papers,2
spend,2
truefalsenot,2
suggested,2
look,2
engage,2
frequent,2
ideas,2
united,2
copied,2
chart,2
provide,2
enough,2
label,2
endings,2
compare,2
describe,2
yesnonot,2
evaluate,2
many,2
newspapers,2
magazines,2
books,2
end,2
able,2
mark,2
challenge,2
meaning,2
contains,2
sheet,2
transfer,2
roman,2
justify,2
numeral,2
letters,2
individual,2
opinions,2
lectures,2
presented,2
point,2
criteria,2
view,2
sheets,2
public,2
solution,2
headings,2
kingdom,2
average,2
discussion,2
websites,2
ucles,2
future,2
generally,2
particular,2
incorrect,2
viewsclaims,2
notes,2
takes,2
isolated,2
time,2
marked,2
opinion,2
five,2
performance,2
occur,2
standard,2
pty,2
occasional,2
spelling,2
audio,2
permission,2
publishers,2
ready,2
contrast,1
addition,1
extended,1
structure,1
emphasis,1
instructive,1
provides,1
rather,1
argumentative,1
graph,1
works,1
ieltsorg,1
organise,1
stages,1
object,1
event,1
explain,1
something,1
context,1
profile,1
issues,1
dislikes,1
introduce,1
parts,1
trained,1
conducted,1
outline,1
etc,1
complaints,1
wish,1
recorded,1
abstract,1
contexts,1
grammatical,1
homefamily,1
details,1
along,1
report,1
respond,1
resource,1
explaining,1
focuses,1
instruction,1
manuals,1
relevant,1
linguistic,1
interest,1
correspondence,1
elicit,1
wants,1
thematically,1
linked,1
assesses,1
communicate,1
effectively,1
account,1
fluency,1
coherence,1
lexical,1
leaflets,1
advertisements,1
notices,1
hear,1
providing,1
mainly,1
survival,1
people,1
fourth,1
planmap,1
labelling,1
recording,1
logical,1
scored,1
listen,1
allowed,1
journals,1
pronunciation,1
topics,1
text,1
requesting,1
thanh,1
phd,1
industryspecific,1
programming,1
integration,1
cloud,1
password,1
databases,1
reporting,1
centralized,1
shift,1
address,1
documentation,1
highquality,1
created,1
relational,1
automated,1
javascript,1
frameworks,1
december,1
science,1
computer,1
toeic,1
languages,1
built,1
synchronize,1
managing,1
chi,1
duc,1
minh,1
email,1
linkedin,1
nestjspostgresql,1
thu,1
safety,1
projects,1
products,1
secured,1
orders,1
users,1
reviews,1
security,1
bcrypt,1
input,1
validation,1
validator,1
ensuring,1
python,1
uit,1
git,1
platform,1
userpinboard,1
mongoose,1
boards,1
posting,1
pin,1
implementing,1
vite,1
clone,1
migrations,1
response,1
expressjs,1
controlling,1
dtos,1
eslintprettier,1
jest,1
quality,1
ensured,1
environments,1
across,1
schema,1
relationships,1
realtime,1
pinterest,1
updates,1
control,1
technology,1
menu,1
intern,1
payment,1
standardized,1
middleware,1
maintainability,1
route,1
protection,1
business,1
pattern,1
processes,1
phone,1
restaurant,1
rest,1
applied,1
contact,1
supporting,1
asks,1
great,1
interests,1
bear,1
intermittent,1
separated,1
certain,1
currencies,1
courses,1
points,1
abbreviations,1
additional,1
interpreting,1
show,1
way,1
completing,1
entry,1
showing,1
decisions,1
ultimately,1
basis,1
insight,1
interpret,1
assess,1
approaches,1
slash,1
mind,1
dates,1
non,1
usa,1
penalised,1
except,1
upper,1
hills,1
higher,1
case,1
institution,1
optional,1
wrong,1
alternative,1
lots,1
programmes,1
try,1
short,1
colleges,1
even,1
formulae,1
meet,1
immediate,1
httpssupportcambridgeenglishorg,1
unacceptable,1
essentially,1
beyond,1
attempt,1
assessable,1
universities,1
andor,1
exceed,1
must,1
nine,1
problems,1
unfamiliar,1
checked,1
reasoning,1
competence,1
field,1
argumentation,1
cannot,1
expert,1
despite,1
statements,1
classified,1
decide,1
others,1
conveys,1
modest,1
gives,1
particularly,1
coping,1
partial,1
statement,1
corresponds,1
fairly,1
httpwww,1
expression,1
competent,1
specifies,1
us,1
leather,1
black,1
expected,1
majority,1
ways,1
gap,1
missing,1
recommendations,1
considering,1
onto,1
would,1
included,1
unsystematic,1
alternatives,1
breakdowns,1
instructions,1
help,1
understand,1
effective,1
fluent,1
likely,1
mistakes,1
handle,1
extremely,1
birth,1
marking,1
wide,1
lansuage,1
thirdparty,1
internet,1
referred,1
record,1
content,1
within,1
teacher,1
mw,1
ote,1
gl,1
ap,1
gk,1
urls,1
wwwcambridgeorgelt,1
wwwcambridgeenglishorg,1
title,1
copies,1
normally,1
obtained,1
advance,1
publisher,1
back,1
distributed,1
normal,1
external,1
persistence,1
waived,1
carry,1
similar,1
areas,1
card,1
prompts,1
talk,1
minute,1
prepare,1
jobstudies,1
educational,1
related,1
final,1
wording,1
responsibility,1
bitte,1
nriace,1
published,1
reprinted,1
printed,1
dubai,1
oriental,1
classroom,1
catalogue,1
library,1
cds,1
requirements,1
copying,1
single,1
council,1
contents,1
audioscripts,1
acknowledgements,1
international,1
company,1
recognised,1
reliable,1
means,1
need,1
owned,1
partners,1
idp,1
printing,1
widely,1
date,1
process,1
reflected,1
worth,1
less,1
lot,1
road,1
needed,1
determine,1
advised,1
thereafter,1
timetables,1
nationality,1
wwwieltsorg,1
remain,1
prices,1
format,1
according,1
taking,1
module,1
undergraduate,1
postgraduate,1
levels,1
seeking,1
professional,1
registration,1
travel,1
englishspeaking,1
country,1
train,1
degree,1
total,1
hours,1
speakers,1
migrate,1
regarding,1
found,1
subsidiary,1
gpa,1
