Word,Frequency
test,29
language,24
task,22
answer,20
ielts,20
information,20
candidates,19
completion,18
general,18
answers,18
score,18
writing,17
cambridge,16
minutes,16
english,16
reading,15
tests,14
training,14
words,13
questions,13
listening,12
write,11
ability,10
assessment,10
user,9
matching,9
one,8
speaking,8
academic,8
two,8
sections,8
overall,8
situations,8
band,7
texts,7
tasks,7
whether,7
four,7
section,7
given,7
part,7
written,6
candidate,6
consists,6
three,6
practice,6
including,6
complex,6
scores,6
present,6
assessed,6
university,6
sample,6
introduction,6
first,6
command,5
examiner,5
familiar,5
limited,5
correct,5
question,5
press,5
requires,5
sentence,5
least,5
factual,4
skills,4
problem,4
real,4
possible,4
model,4
basic,4
necessary,4
study,4
communication,4
identifying,4
give,4
required,4
types,4
level,4
topic,4
acceptable,4
require,4
components,4
choice,4
summary,4
table,4
note,4
diagram,4
example,4
form,4
use,4
course,4
institutions,4
may,4
appropriate,4
make,4
misunderstandings,3
well,3
pages,3
wishing,3
provided,3
letter,3
isbn,3
take,3
inappropriacies,3
though,3
website,3
descriptive,3
australia,3
asked,3
however,3
good,3
key,3
inaccuracies,3
work,3
accept,3
understanding,3
book,3
multiple,3
used,3
variety,3
available,3
flowchart,3
shortanswer,3
numbers,3
might,3
needs,3
concerned,3
items,3
detailed,3
argument,3
taken,3
also,3
number,3
accuracy,3
examination,3
different,3
reported,3
b,3
guarantee,3
evidence,3
operational,3
idea,3
complete,3
using,3
assessing,3
many,2
newspapers,2
magazines,2
books,2
end,2
able,2
mark,2
challenge,2
meaning,2
contains,2
sheet,2
transfer,2
evaluate,2
roman,2
express,2
numeral,2
letters,2
individual,2
opinions,2
lectures,2
presented,2
point,2
criteria,2
view,2
sheets,2
public,2
solution,2
justify,2
describe,2
truefalsenot,2
compare,2
difficulty,2
involves,2
authentic,2
much,2
numerals,2
situation,2
spoken,2
twice,2
possibly,2
contributes,2
arguments,2
papers,2
style,2
spend,2
suggested,2
look,2
engage,2
frequent,2
data,2
ideas,2
united,2
kingdom,2
chart,2
provide,2
enough,2
label,2
endings,2
features,2
headings,2
yesnonot,2
viewsclaims,2
isolated,2
marked,2
opinion,2
version,2
five,2
performance,2
average,2
standard,2
pty,2
occasional,2
spelling,2
publishers,2
audio,2
occur,2
discussion,2
takes,2
notes,2
incorrect,2
particular,2
generally,2
future,2
ucles,2
websites,2
permission,2
time,2
ready,2
designed,2
copied,2
based,2
bands,2
keys,2
fully,2
accurate,2
scale,2
nineband,2
important,2
find,2
results,2
understands,2
handles,2
lasts,2
publication,2
lower,2
second,2
canada,2
monologue,2
ten,2
brackets,2
range,2
british,2
third,2
order,2
approximately,2
conversation,2
new,2
zealand,2
component,2
uk,2
httpwww,1
fairly,1
corresponds,1
statement,1
follows,1
partial,1
coping,1
particularly,1
gives,1
modest,1
conveys,1
others,1
classified,1
nine,1
statements,1
despite,1
expert,1
cannot,1
argumentation,1
field,1
competence,1
reasoning,1
checked,1
unfamiliar,1
problems,1
expression,1
decide,1
competent,1
unsystematic,1
extremely,1
handle,1
mistakes,1
likely,1
fluent,1
effective,1
ensure,1
understand,1
help,1
instructions,1
breakdowns,1
application,1
alternatives,1
included,1
us,1
would,1
onto,1
considering,1
recommendations,1
missing,1
gap,1
ways,1
majority,1
expected,1
black,1
leather,1
specifies,1
exceed,1
penalised,1
andor,1
dates,1
mind,1
slash,1
approaches,1
assess,1
interpret,1
insight,1
comments,1
basis,1
ultimately,1
decisions,1
showing,1
completing,1
bear,1
way,1
show,1
interpreting,1
additional,1
abbreviations,1
points,1
courses,1
currencies,1
certain,1
separated,1
intermittent,1
non,1
entry,1
usa,1
colleges,1
universities,1
assessable,1
attempt,1
beyond,1
essentially,1
unacceptable,1
httpssupportcambridgeenglishorg,1
great,1
immediate,1
meet,1
formulae,1
even,1
short,1
except,1
try,1
programmes,1
lots,1
alternative,1
wrong,1
optional,1
institution,1
applying,1
case,1
higher,1
hills,1
upper,1
birth,1
must,1
marking,1
single,1
advised,1
determine,1
needed,1
road,1
lot,1
less,1
worth,1
reflected,1
process,1
date,1
widely,1
education,1
idp,1
council,1
partners,1
owned,1
need,1
means,1
reliable,1
recognised,1
system,1
company,1
testing,1
international,1
acknowledgements,1
audioscripts,1
contents,1
thereafter,1
printing,1
timetables,1
travel,1
subsidiary,1
found,1
regarding,1
migrate,1
speakers,1
social,1
hours,1
total,1
following,1
degree,1
train,1
country,1
englishspeaking,1
registration,1
wwwieltsorg,1
professional,1
seeking,1
levels,1
postgraduate,1
undergraduate,1
module,1
taking,1
according,1
format,1
prices,1
remain,1
nationality,1
copying,1
waived,1
requirements,1
normal,1
class,1
distributed,1
back,1
publisher,1
advance,1
obtained,1
normally,1
copies,1
title,1
wwwcambridgeenglishorg,1
wwwcambridgeorgelt,1
gk,1
lansuage,1
ap,1
gl,1
ote,1
mw,1
teacher,1
within,1
content,1
record,1
referred,1
internet,1
thirdparty,1
external,1
urls,1
persistence,1
responsibility,1
cds,1
library,1
catalogue,1
classroom,1
oriental,1
dubai,1
printed,1
reprinted,1
published,1
nriace,1
bitte,1
wording,1
carry,1
final,1
related,1
educational,1
jobstudies,1
prepare,1
minute,1
talk,1
prompts,1
card,1
areas,1
similar,1
wide,1
interests,1
homefamily,1
asks,1
introduce,1
parts,1
trained,1
conducted,1
outline,1
etc,1
complaints,1
dislikes,1
likes,1
wish,1
abstract,1
contexts,1
grammatical,1
details,1
along,1
report,1
recorded,1
profile,1
provides,1
addition,1
scored,1
pronunciation,1
resource,1
issues,1
lexical,1
coherence,1
fluency,1
account,1
effectively,1
communicate,1
assesses,1
linked,1
thematically,1
wants,1
elicit,1
correspondence,1
interest,1
linguistic,1
relevant,1
manuals,1
instruction,1
leaflets,1
advertisements,1
notices,1
logical,1
text,1
topics,1
personal,1
journals,1
allowed,1
listen,1
recording,1
hear,1
labelling,1
planmap,1
fourth,1
people,1
survival,1
mainly,1
providing,1
focuses,1
explaining,1
requesting,1
respond,1
contrast,1
works,1
something,1
explain,1
event,1
object,1
stages,1
organise,1
graph,1
argumentative,1
rather,1
instructive,1
emphasis,1
structure,1
extended,1
context,1
ieltsorg,1
